,TestId,GroundTruth,Preds
0,51910,0,1
1,52027,0,0
2,52048,0,0
3,52062,0,1
4,52116,0,1
5,52187,0,0
6,52311,0,0
7,52313,0,1
8,52404,0,0
9,52444,0,0
10,52464,0,0
11,52479,0,0
12,52545,0,0
13,52555,0,0
14,52566,0,0
15,52583,0,0
16,52589,0,0
17,52642,0,0
18,52765,0,0
19,52786,0,0
20,52921,0,1
21,52971,0,0
22,53097,0,0
23,53340,0,0
24,53639,0,0
25,53648,0,0
26,53876,0,0
27,54019,0,0
28,54718,0,1
29,54737,0,1
30,54768,0,0
31,54945,0,0
32,55000,0,1
33,55015,0,0
34,55098,0,0
35,55125,0,0
36,55296,0,0
37,55310,0,0
38,55563,0,0
39,55617,0,0
40,55912,0,0
41,56162,0,0
42,56193,0,1
43,56195,0,0
44,56212,0,0
45,56278,0,0
46,56398,0,0
47,56440,0,1
48,56791,0,0
49,56843,0,1
50,56849,0,0
51,56856,0,0
52,57026,0,1
53,57063,0,0
54,57116,0,0
55,57168,0,0
56,57177,0,1
57,57253,0,0
58,57256,0,0
59,57266,0,0
60,57367,0,0
61,57415,0,0
62,57430,0,0
63,57441,0,0
64,57506,0,1
65,57746,0,0
66,57801,0,1
67,57821,0,0
68,57935,0,0
69,58003,0,0
70,58036,0,0
71,58171,0,0
72,58246,0,0
73,58290,0,0
74,58304,0,1
75,58499,0,0
76,58528,0,1
77,58530,0,1
78,58667,0,0
79,58891,0,1
80,58949,0,0
81,59071,0,0
82,59096,0,0
83,59351,0,0
84,59358,0,0
85,59399,0,0
86,59444,0,0
87,59901,0,0
88,59995,0,0
89,60176,0,0
90,60323,0,0
91,60588,0,0
92,60664,0,0
93,60675,0,0
94,60705,0,0
95,60711,0,0
96,60749,0,0
97,60761,0,0
98,61061,0,0
99,61328,0,0
100,61332,0,0
101,61391,0,1
102,61432,0,0
103,61474,0,0
104,61707,0,0
105,61805,0,1
106,62195,0,0
107,62237,0,0
108,62332,0,0
109,62504,0,0
110,62749,0,1
111,62816,0,0
112,62823,0,1
113,62839,0,0
114,62885,0,0
115,62889,0,1
116,62919,0,0
117,62934,0,0
118,62989,0,0
119,63087,0,0
120,63252,0,0
121,63290,0,1
122,63344,0,0
123,63393,0,1
124,63521,0,0
125,63586,0,0
126,63593,0,0
127,63618,0,0
128,63670,0,0
129,63828,0,0
130,63856,0,1
131,64317,0,1
132,64369,0,0
133,64379,0,0
134,64465,0,0
135,64580,0,0
136,64693,0,0
137,64699,0,0
138,64917,0,1
139,64997,0,0
140,65025,0,0
141,65045,0,0
142,65214,0,0
143,65414,0,0
144,65444,0,0
145,65476,0,0
146,65740,0,0
147,65817,0,0
148,65844,0,0
149,65845,0,0
150,65864,0,0
151,65914,0,1
152,65918,0,0
153,65967,0,0
154,66006,0,0
155,66015,0,0
156,66018,0,1
157,66508,0,1
158,66882,0,1
159,66907,0,0
160,67498,0,0
161,67691,0,0
162,67799,0,0
163,67830,0,0
164,67892,0,1
165,67931,0,1
166,67955,0,1
167,68190,0,1
168,68210,0,0
169,68253,0,0
170,68608,0,1
171,68758,0,0
172,68826,0,0
173,68935,0,1
174,69077,0,0
175,69081,0,0
176,69698,0,0
177,69996,0,0
178,70104,0,0
179,70111,0,0
180,70116,0,0
181,70124,0,0
182,70147,0,0
183,70376,0,1
184,70401,0,0
185,70890,0,0
186,70942,0,0
187,71000,0,0
188,71025,0,0
189,71125,0,0
190,71258,0,0
191,71269,0,1
192,71452,0,0
193,71645,0,0
194,71833,0,0
195,71865,0,1
196,71906,0,0
197,72105,0,0
198,72365,0,1
199,72446,0,0
200,72480,0,0
201,72536,0,0
202,72791,0,0
203,73202,0,1
204,74091,0,0
205,74215,0,1
206,74254,0,1
207,74274,0,1
208,74293,0,1
209,74313,0,1
210,74402,0,0
211,74468,0,0
212,74647,0,0
213,74690,0,0
214,74692,0,0
215,75001,0,1
216,75149,0,0
217,75385,0,0
218,75452,0,0
219,75649,0,0
220,75660,0,0
221,75698,0,0
222,75744,0,0
223,75746,0,0
224,75976,0,0
225,75982,0,1
226,76017,0,1
227,76062,0,0
228,76076,0,0
229,76119,0,0
230,76153,0,0
231,76317,0,0
232,76449,0,0
233,76501,0,1
234,76621,0,0
235,76807,0,0
236,76886,0,1
237,77015,0,0
238,77292,0,0
239,77417,0,0
240,77763,0,0
241,77923,0,0
242,78468,0,0
243,78716,0,0
244,78861,0,0
245,79030,0,0
246,79457,0,1
247,79502,0,1
248,79663,0,0
249,79687,0,0
250,79920,0,0
251,79992,0,0
252,80319,0,1
253,80380,0,1
254,80381,0,1
255,80451,0,0
256,80544,0,0
257,80585,0,0
258,81044,0,0
259,81074,0,1
260,81105,0,0
261,81141,0,0
262,81389,0,0
263,81430,0,0
264,81448,0,0
265,540,0,1
266,612,0,0
267,1981,0,0
268,2048,0,1
269,2145,0,0
270,2527,0,0
271,3001,0,0
272,3091,0,1
273,3499,0,0
274,3636,0,0
275,4135,0,0
276,5523,0,1
277,5707,0,0
278,5778,0,1
279,5797,0,0
280,5974,0,0
281,6124,0,0
282,6274,0,0
283,6700,0,0
284,7393,0,1
285,7522,0,0
286,7725,0,0
287,9345,0,0
288,9352,0,0
289,9363,0,0
290,9846,0,0
291,9909,0,1
292,10484,0,0
293,10572,0,0
294,17894,0,0
295,19089,0,0
296,19337,0,0
297,19465,0,0
298,19587,0,1
299,19740,0,0
300,19811,0,0
301,19899,0,0
302,19952,0,0
303,20021,0,1
304,20132,0,1
305,20304,0,0
306,20326,0,0
307,20439,0,0
308,21054,0,0
309,21102,0,0
310,21211,0,0
311,21233,0,0
312,21415,0,0
313,21506,0,0
314,21515,0,0
315,21533,0,0
316,21726,0,0
317,21896,0,0
318,22204,0,0
319,22334,0,0
320,22420,0,1
321,22608,0,0
322,22620,0,0
323,22825,0,0
324,22826,0,0
325,23090,0,1
326,23321,0,0
327,23361,0,0
328,23454,0,0
329,23579,0,0
330,23672,0,0
331,23673,0,0
332,23800,0,0
333,24260,0,0
334,24326,0,0
335,24557,0,0
336,24651,0,1
337,24915,0,0
338,25011,0,0
339,25034,0,0
340,25064,0,0
341,25134,0,0
342,25138,0,1
343,25201,0,0
344,25294,0,0
345,25385,0,0
346,25452,0,0
347,25646,0,0
348,25747,0,0
349,25771,0,0
350,25926,0,0
351,26180,0,0
352,26272,0,0
353,26535,0,0
354,26595,0,0
355,26656,0,1
356,26692,0,0
357,26721,0,0
358,26739,0,0
359,26812,0,0
360,26973,0,0
361,27274,0,0
362,27360,0,0
363,27493,0,0
364,27505,0,0
365,27514,0,1
366,27673,0,0
367,27804,0,1
368,27926,0,0
369,27941,0,0
370,28032,0,0
371,28164,0,0
372,28209,0,0
373,28328,0,0
374,28336,0,0
375,28457,0,0
376,28497,0,1
377,28797,0,0
378,28956,0,0
379,29050,0,0
380,29157,0,0
381,29249,0,0
382,29279,0,0
383,29300,0,0
384,29558,0,0
385,29571,0,0
386,29687,0,0
387,29696,0,1
388,29767,0,0
389,29788,0,1
390,29907,0,0
391,30156,0,0
392,30208,0,0
393,31617,0,0
394,31640,0,0
395,31682,0,0
396,31856,0,0
397,31869,0,0
398,32341,0,0
399,32688,0,1
400,32907,0,1
401,33270,0,0
402,33844,0,0
403,33870,0,0
404,34139,0,0
405,34196,0,0
406,34224,0,0
407,34332,0,0
408,34555,0,0
409,34577,0,0
410,35115,0,1
411,35184,0,0
412,35298,0,0
413,35645,0,0
414,35671,0,1
415,35806,0,0
416,35855,0,0
417,36200,0,0
418,36266,0,0
419,36420,0,0
420,36435,0,0
421,36442,0,0
422,36529,0,1
423,36637,0,0
424,37142,0,1
425,37425,0,0
426,37583,0,1
427,37965,0,1
428,37991,0,1
429,38115,0,0
430,38181,0,0
431,38268,0,0
432,38272,0,0
433,38287,0,0
434,38316,0,0
435,38330,0,0
436,38434,0,1
437,38449,0,0
438,38481,0,1
439,38731,0,1
440,38833,0,1
441,39361,0,0
442,39434,0,0
443,39759,0,0
444,39953,0,0
445,40725,0,0
446,40753,0,1
447,40808,0,1
448,40946,0,0
449,41019,0,0
450,41435,0,1
451,41824,0,0
452,41977,0,0
453,42073,0,0
454,42084,0,0
455,42212,0,1
456,42472,0,0
457,42863,0,0
458,43053,0,1
459,43555,0,0
460,43614,0,0
461,43737,0,0
462,43878,0,0
463,43920,0,1
464,44608,0,0
465,44883,0,1
466,45093,0,0
467,45536,0,0
468,45551,0,0
469,45771,0,0
470,45992,0,0
471,46017,0,0
472,46035,0,0
473,46144,0,0
474,46650,0,0
475,47083,0,0
476,47463,0,0
477,47580,0,0
478,47820,0,0
479,47823,0,0
480,47870,0,0
481,47896,0,0
482,48132,0,0
483,48774,0,0
484,49015,0,0
485,49032,0,0
486,49117,0,0
487,49157,0,1
488,49190,0,0
489,49762,0,1
490,49971,0,0
491,50170,0,0
492,50780,0,0
493,50972,0,0
494,51001,0,1
495,51068,0,0
496,51617,0,0
497,51921,0,1
498,52270,0,0
499,52362,0,0
500,52671,0,0
501,52835,0,0
502,52866,0,1
503,53264,0,1
504,53764,0,0
505,53906,0,0
506,54258,0,0
507,54606,0,0
508,54708,0,0
509,55308,0,0
510,55587,0,0
511,55893,0,1
512,56317,0,0
513,56652,0,0
514,56781,0,0
515,57016,0,1
516,57031,0,0
517,57057,0,1
518,57278,0,0
519,58141,0,1
520,58245,0,0
521,58485,0,0
522,58657,0,0
523,59271,0,1
524,59316,0,0
525,59334,0,0
526,59558,0,0
527,60079,0,0
528,60189,0,0
529,60248,0,0
530,60286,0,0
531,60455,0,0
532,60539,0,0
533,60800,0,0
534,61476,0,0
535,61490,0,0
536,61826,0,0
537,62233,0,0
538,62407,0,0
539,62558,0,0
540,62844,0,0
541,62957,0,0
542,63161,0,0
543,63517,0,0
544,63519,0,0
545,63555,0,0
546,63628,0,0
547,63969,0,1
548,64068,0,0
549,64298,0,0
550,64414,0,0
551,64718,0,0
552,65219,0,0
553,65370,0,0
554,65676,0,0
555,65754,0,0
556,65881,0,0
557,65963,0,0
558,66278,0,0
559,66527,0,0
560,67099,0,0
561,67438,0,0
562,67492,0,0
563,67541,0,0
564,67642,0,0
565,67826,0,0
566,67872,0,0
567,67951,0,1
568,67975,0,1
569,68066,0,0
570,68187,0,0
571,68188,0,0
572,68490,0,0
573,68777,0,1
574,68969,0,0
575,69168,0,0
576,69196,0,0
577,69286,0,0
578,69333,0,1
579,69463,0,0
580,69486,0,0
581,70063,0,0
582,70304,0,0
583,70481,0,0
584,70517,0,0
585,70575,0,0
586,70730,0,0
587,70851,0,0
588,71243,0,0
589,71249,0,0
590,71286,0,0
591,71401,0,0
592,71590,0,0
593,71788,0,1
594,71842,0,1
595,71991,0,1
596,72159,0,0
597,72272,0,0
598,72430,0,0
599,72494,0,0
600,72627,0,0
601,72684,0,0
602,72818,0,0
603,72980,0,0
604,73356,0,0
605,73471,0,0
606,73989,0,0
607,74090,0,0
608,74253,0,1
609,74631,0,1
610,74986,0,1
611,75386,0,0
612,75623,0,0
613,75637,0,1
614,75662,0,0
615,75820,0,0
616,75983,0,0
617,76033,0,0
618,76159,0,0
619,76177,0,0
620,76364,0,0
621,76441,0,0
622,76558,0,0
623,76648,0,0
624,76659,0,0
625,76662,0,1
626,76670,0,1
627,76750,0,0
628,76981,0,1
629,77036,0,1
630,77353,0,0
631,77497,0,1
632,77653,0,0
633,77725,0,0
634,77829,0,1
635,77938,0,0
636,78006,0,0
637,78298,0,0
638,78314,0,0
639,78363,0,0
640,78454,0,1
641,78867,0,0
642,78886,0,0
643,78896,0,1
644,79592,0,1
645,79595,0,0
646,79794,0,1
647,80179,0,0
648,80379,0,0
649,80509,0,1
650,80572,0,0
651,80812,0,0
652,80850,0,0
653,80975,0,0
654,81043,0,0
655,81156,0,1
656,81575,0,0
657,81931,0,0
658,82167,0,0
659,82375,0,0
660,82679,0,0
661,82838,0,0
662,83559,0,1
663,83720,0,0
664,83782,0,0
665,83975,0,1
666,84117,0,0
667,84193,0,1
668,84318,0,1
669,84494,0,0
670,84835,0,1
671,85364,0,1
672,85787,0,0
673,86238,0,0
674,86447,0,1
675,86462,0,0
676,86474,0,0
677,87327,0,0
678,87409,0,1
679,87464,0,0
680,88062,0,0
681,88148,0,0
682,88425,0,0
683,88454,0,0
684,88476,0,0
685,89677,0,1
686,90361,0,0
687,90408,0,0
688,90436,0,0
689,90462,0,1
690,90510,0,0
691,90611,0,1
692,90893,0,0
693,91111,0,0
694,91203,0,0
695,91401,0,0
696,91410,0,0
697,91476,0,1
698,91487,0,1
699,91738,0,1
700,91770,0,0
701,91792,0,1
702,91881,0,0
703,91919,0,0
704,91996,0,0
705,92484,0,0
706,92517,0,1
707,92723,0,0
708,92854,0,1
709,92873,0,0
710,92930,0,0
711,92944,0,1
712,93017,0,0
713,93079,0,0
714,93143,0,0
715,93190,0,0
716,93314,0,0
717,93384,0,0
718,93527,0,0
719,93801,0,0
720,93823,0,0
721,93845,0,0
722,94107,0,1
723,94563,0,0
724,94786,0,0
725,94793,0,0
726,94827,0,0
727,94918,0,0
728,95014,0,0
729,95222,0,0
730,95223,0,0
731,95231,0,0
732,95265,0,1
733,95304,0,0
734,95317,0,0
735,95358,0,0
736,95508,0,0
737,95545,0,0
738,95551,0,1
739,95610,0,0
740,95611,0,0
741,95669,0,0
742,95671,0,0
743,95692,0,0
744,95720,0,0
745,95805,0,0
746,95811,0,0
747,95950,0,0
748,96024,0,0
749,96069,0,0
750,96084,0,0
751,96203,0,0
752,96277,0,0
753,96629,0,0
754,96676,0,0
755,96797,0,0
756,96815,0,0
757,96877,0,0
758,96920,0,0
759,96926,0,0
760,97114,0,0
761,97209,0,0
762,97235,0,0
763,97330,0,0
764,97374,0,0
765,97386,0,0
766,97465,0,0
767,97594,0,1
768,97664,0,1
769,97750,0,0
770,97817,0,0
771,97971,0,0
772,98023,0,1
773,98116,0,1
774,98146,0,0
775,98180,0,0
776,98191,0,0
777,98232,0,0
778,98289,0,0
779,98501,0,0
780,98627,0,0
781,98821,0,1
782,98983,0,0
783,99007,0,0
784,99071,0,0
785,99074,0,0
786,99079,0,0
787,99358,0,0
788,99387,0,0
789,99531,0,1
790,99758,0,0
791,99764,0,1
792,99792,0,0
793,99860,0,0
794,99959,0,0
795,100057,0,0
796,100061,0,0
797,100258,0,0
798,100357,0,0
799,100359,0,0
800,100387,0,0
801,100436,0,0
802,100577,0,0
803,100580,0,0
804,100601,0,0
805,100715,0,0
806,100743,0,0
807,100794,0,0
808,100828,0,0
809,100847,0,0
810,100861,0,0
811,101099,0,0
812,101110,0,0
813,101139,0,1
814,101362,0,0
815,101476,0,0
816,101597,0,0
817,101810,0,1
818,101869,0,0
819,101879,0,0
820,101979,0,0
821,102050,0,0
822,102054,0,0
823,102055,0,1
824,102059,0,0
825,102125,0,1
826,102328,0,0
827,102358,0,0
828,102435,0,0
829,102450,0,0
830,102621,0,1
831,102632,0,0
832,103064,0,0
833,103092,0,0
834,103120,0,0
835,103164,0,0
836,103190,0,0
837,103219,0,0
838,103239,0,0
839,103286,0,0
840,103725,0,0
841,103748,0,0
842,103814,0,0
843,103956,0,0
844,103958,0,0
845,103960,0,0
846,104040,0,0
847,104131,0,0
848,104191,0,0
849,104370,0,1
850,104387,0,0
851,104426,0,1
852,104527,0,0
853,104701,0,0
854,104703,0,0
855,104942,0,0
856,105071,0,0
857,105521,0,1
858,105773,0,1
859,105797,0,0
860,105823,0,0
861,105843,0,0
862,105935,0,0
863,106068,0,0
864,106358,0,0
865,106580,0,0
866,106589,0,0
867,106600,0,0
868,106624,0,0
869,106799,0,0
870,106824,0,1
871,106906,0,0
872,106924,0,1
873,107074,0,0
874,107078,0,0
875,107091,0,0
876,107324,0,0
877,107453,0,0
878,107492,0,0
879,107539,0,1
880,107770,0,1
881,107907,0,0
882,108061,0,0
883,108249,0,0
884,108442,0,1
885,108455,0,0
886,108775,0,0
887,108804,0,0
888,109043,0,0
889,109080,0,0
890,109464,0,0
891,109568,0,0
892,109611,0,1
893,109975,0,0
894,110001,0,1
895,110113,0,0
896,110186,0,0
897,110346,0,0
898,110408,0,1
899,110507,0,1
900,110510,0,0
901,110584,0,0
902,110637,0,0
903,110699,0,1
904,110783,0,0
905,110889,0,0
906,110923,0,0
907,111151,0,0
908,111261,0,0
909,111368,0,0
910,111416,0,1
911,111562,0,0
912,111582,0,0
913,112058,0,0
914,112215,0,1
915,112232,0,1
916,112267,0,1
917,112580,0,0
918,112630,0,0
919,112743,0,1
920,112844,0,0
921,112931,0,0
922,113099,0,0
923,113146,0,0
924,113303,0,0
925,113322,0,0
926,113360,0,0
927,113377,0,0
928,113416,0,0
929,113421,0,1
930,113599,0,0
931,113685,0,0
932,113794,0,1
933,114034,0,0
934,114157,0,0
935,114163,0,0
936,114184,0,1
937,114302,0,0
938,114396,0,0
939,114565,0,1
940,114605,0,0
941,114803,0,0
942,115037,0,0
943,115080,0,0
944,115235,0,0
945,115597,0,0
946,115633,0,0
947,115646,0,0
948,115661,0,1
949,115740,0,0
950,115776,0,0
951,115786,0,0
952,115827,0,0
953,115963,0,1
954,116109,0,0
955,116178,0,0
956,116202,0,0
957,116301,0,0
958,116308,0,0
959,116455,0,0
960,116490,0,0
961,116492,0,0
962,116563,0,0
963,116735,0,0
964,117016,0,0
965,117019,0,1
966,117409,0,0
967,117424,0,0
968,117474,0,1
969,117479,0,0
970,117552,0,1
971,117899,0,0
972,118105,0,0
973,118122,0,0
974,118148,0,0
975,118212,0,0
976,118295,0,0
977,118301,0,1
978,118432,0,1
979,118470,0,0
980,118471,0,0
981,119180,0,0
982,119238,0,0
983,119329,0,0
984,119421,0,0
985,119511,0,0
986,119555,0,1
987,119589,0,0
988,119621,0,0
989,119986,0,0
990,120073,0,0
991,120088,0,0
992,120199,0,1
993,120373,0,0
994,120494,0,0
995,120508,0,1
996,120705,0,0
997,120809,0,0
998,121776,0,0
999,0,0,0
1000,1500,0,1
1001,1820,0,0
1002,1936,0,1
1003,2089,0,0
1004,2269,0,1
1005,2319,0,1
1006,2383,0,1
1007,2551,0,0
1008,4578,0,1
1009,4857,0,0
1010,7759,0,0
1011,7788,0,0
1012,12154,0,0
1013,13709,0,0
1014,13839,0,0
1015,13918,0,0
1016,14421,0,0
1017,14888,0,1
1018,15203,0,0
1019,15420,0,0
1020,15674,0,0
1021,16150,0,0
1022,16262,0,0
1023,17236,0,0
1024,17667,0,1
1025,18029,0,0
1026,18989,0,1
1027,19529,0,1
1028,19894,0,1
1029,19907,0,1
1030,20087,0,1
1031,20696,0,0
1032,20839,0,0
1033,20872,0,1
1034,20955,0,0
1035,21544,0,1
1036,22019,0,0
1037,75125,0,0
1038,75282,0,0
1039,75617,0,0
1040,76194,0,0
1041,77648,0,1
1042,78154,0,0
1043,78191,0,0
1044,78213,0,0
1045,78350,0,1
1046,78384,0,0
1047,78735,0,0
1048,78808,0,0
1049,79137,0,0
1050,79197,0,0
1051,79694,0,0
1052,79937,0,0
1053,108,0,1
1054,165,0,0
1055,189,0,1
1056,199,0,0
1057,379,0,1
1058,587,0,0
1059,597,0,1
1060,606,0,0
1061,687,0,0
1062,707,0,0
1063,712,0,0
1064,756,0,0
1065,818,0,0
1066,1190,0,0
1067,1827,0,0
1068,2873,0,1
1069,2937,0,0
1070,2959,0,1
1071,3115,0,1
1072,3118,0,0
1073,3149,0,0
1074,3222,0,1
1075,3350,0,0
1076,3654,0,0
1077,3728,0,1
1078,4144,0,0
1079,4208,0,1
1080,4221,0,1
1081,4351,0,0
1082,4431,0,1
1083,4494,0,1
1084,4763,0,1
1085,4850,0,1
1086,5023,0,1
1087,5036,0,1
1088,5251,0,1
1089,5304,0,1
1090,5344,0,0
1091,5358,0,1
1092,5398,0,0
1093,5427,0,1
1094,5705,0,1
1095,5831,0,1
1096,5860,0,0
1097,6065,0,1
1098,6079,0,1
1099,6097,0,1
1100,6268,0,0
1101,6410,0,1
1102,6560,0,1
1103,6622,0,1
1104,6912,0,0
1105,6918,0,1
1106,7052,0,1
1107,7112,0,0
1108,7159,0,0
1109,7352,0,0
1110,7424,0,1
1111,7736,0,1
1112,7994,0,1
1113,8003,0,0
1114,8098,0,1
1115,8156,0,1
1116,8261,0,1
1117,8411,0,1
1118,8659,0,1
1119,8771,0,0
1120,8980,0,1
1121,9093,0,0
1122,9150,0,1
1123,9369,0,0
1124,9438,0,1
1125,9557,0,1
1126,9628,0,0
1127,9664,0,0
1128,9817,0,0
1129,9854,0,1
1130,9959,0,0
1131,10136,0,0
1132,10143,0,0
1133,10207,0,1
1134,10218,0,0
1135,10245,0,1
1136,10305,0,1
1137,10326,0,0
1138,10403,0,0
1139,10405,0,0
1140,10420,0,0
1141,10422,0,0
1142,10533,0,1
1143,10584,0,0
1144,10648,0,0
1145,10706,0,0
1146,10742,0,1
1147,10782,0,0
1148,10786,0,1
1149,10806,0,0
1150,10934,0,1
1151,11017,0,0
1152,11143,0,0
1153,11256,0,0
1154,12005,0,0
1155,12256,0,0
1156,12379,0,0
1157,12423,0,0
1158,12565,0,0
1159,12640,0,0
1160,13003,0,0
1161,13090,0,0
1162,13145,0,1
1163,13253,0,0
1164,13278,0,0
1165,13495,0,0
1166,13529,0,0
1167,13969,0,0
1168,14009,0,0
1169,14173,0,0
1170,14210,0,0
1171,14310,0,0
1172,14480,0,0
1173,14520,0,1
1174,14631,0,0
1175,14719,0,0
1176,14742,0,0
1177,15092,0,0
1178,15243,0,0
1179,15300,0,1
1180,17161,0,0
1181,17424,0,0
1182,17442,0,0
1183,17794,0,0
1184,17950,0,1
1185,18095,0,0
1186,18133,0,1
1187,18632,0,0
1188,18710,0,0
1189,18780,0,0
1190,18844,0,0
1191,19021,0,0
1192,19028,0,1
1193,19064,0,0
1194,19085,0,0
1195,19261,0,0
1196,19368,0,0
1197,19484,0,0
1198,19521,0,0
1199,19569,0,0
1200,19607,0,0
1201,19635,0,0
1202,20042,0,0
1203,20266,0,0
1204,20338,0,1
1205,20343,0,1
1206,20387,0,0
1207,20642,0,0
1208,20664,0,1
1209,20744,0,1
1210,20815,0,0
1211,20931,0,0
1212,21076,0,1
1213,21346,0,0
1214,21386,0,1
1215,21810,0,1
1216,21835,0,0
1217,21884,0,0
1218,21939,0,0
1219,22055,0,0
1220,22129,0,0
1221,22212,0,0
1222,22221,0,0
1223,22269,0,0
1224,22437,0,1
1225,22448,0,0
1226,22511,0,1
1227,22829,0,0
1228,22948,0,0
1229,22966,0,0
1230,23042,0,0
1231,23537,0,0
1232,23622,0,0
1233,23690,0,0
1234,23778,0,0
1235,23791,0,0
1236,23912,0,0
1237,23926,0,0
1238,23936,0,0
1239,23946,0,0
1240,23980,0,0
1241,24062,0,0
1242,24114,0,0
1243,24241,0,0
1244,24258,0,1
1245,24505,0,0
1246,24553,0,0
1247,24610,0,0
1248,24727,0,0
1249,24808,0,0
1250,24943,0,0
1251,25040,0,0
1252,25044,0,0
1253,25063,0,0
1254,25069,0,0
1255,25146,0,0
1256,25161,0,0
1257,25170,0,0
1258,25348,0,0
1259,25414,0,0
1260,25549,0,1
1261,25790,0,1
1262,25808,0,1
1263,26139,0,0
1264,26158,0,0
1265,26280,0,1
1266,26347,0,0
1267,26414,0,1
1268,26489,0,1
1269,26560,0,0
1270,26663,0,0
1271,26884,0,0
1272,26988,0,0
1273,27066,0,1
1274,27162,0,0
1275,27231,0,0
1276,27235,0,0
1277,27266,0,1
1278,27302,0,0
1279,27378,0,0
1280,27380,0,0
1281,27389,0,0
1282,27402,0,0
1283,27644,0,0
1284,28036,0,0
1285,28248,0,0
1286,28341,0,0
1287,28383,0,1
1288,29060,0,0
1289,29174,0,1
1290,29237,0,1
1291,29473,0,0
1292,29597,0,1
1293,29665,0,1
1294,29710,0,0
1295,29757,0,1
1296,29938,0,0
1297,30009,0,1
1298,30332,0,0
1299,30375,0,0
1300,30682,0,0
1301,30723,0,1
1302,30825,0,0
1303,30915,0,1
1304,31113,0,0
1305,31187,0,0
1306,31409,0,1
1307,31484,0,0
1308,31613,0,0
1309,31791,0,0
1310,31873,0,0
1311,31923,0,0
1312,31962,0,0
1313,32028,0,0
1314,32036,0,1
1315,32089,0,0
1316,32126,0,0
1317,32213,0,0
1318,32290,0,1
1319,32402,0,1
1320,32468,0,0
1321,32492,0,0
1322,32603,0,0
1323,32699,0,0
1324,32755,0,0
1325,32802,0,0
1326,33073,0,0
1327,33195,0,0
1328,33203,0,0
1329,33227,0,0
1330,33291,0,0
1331,33340,0,0
1332,33399,0,0
1333,33406,0,0
1334,33719,0,0
1335,33798,0,0
1336,33802,0,0
1337,33838,0,0
1338,33952,0,0
1339,33977,0,0
1340,34024,0,1
1341,34041,0,0
1342,34141,0,0
1343,34149,0,0
1344,34205,0,0
1345,34317,0,0
1346,34420,0,0
1347,34485,0,0
1348,34540,0,0
1349,34544,0,0
1350,34709,0,0
1351,34829,0,0
1352,34976,0,0
1353,34991,0,0
1354,35058,0,0
1355,35140,0,0
1356,35205,0,0
1357,35259,0,0
1358,35491,0,0
1359,35557,0,0
1360,35590,0,0
1361,35618,0,1
1362,35688,0,0
1363,35739,0,0
1364,35899,0,0
1365,35979,0,0
1366,36241,0,0
1367,36406,0,0
1368,36444,0,0
1369,36598,0,0
1370,36651,0,0
1371,36852,0,0
1372,36864,0,0
1373,36982,0,1
1374,37029,0,0
1375,37055,0,0
1376,37191,0,0
1377,37292,0,1
1378,37369,0,0
1379,37852,0,1
1380,38071,0,0
1381,38225,0,0
1382,38230,0,0
1383,38443,0,0
1384,38496,0,1
1385,38591,0,0
1386,38677,0,0
1387,38814,0,0
1388,38832,0,0
1389,38963,0,0
1390,39354,0,0
1391,39360,0,0
1392,39455,0,0
1393,39581,0,0
1394,39603,0,0
1395,39637,0,0
1396,39640,0,0
1397,39871,0,0
1398,39914,0,0
1399,40030,0,0
1400,40070,0,0
1401,40105,0,0
1402,40116,0,0
1403,40138,0,0
1404,40193,0,0
1405,40247,0,1
1406,40457,0,0
1407,40493,0,0
1408,40538,0,0
1409,40587,0,0
1410,40633,0,0
1411,40688,0,0
1412,40795,0,0
1413,40884,0,0
1414,40974,0,0
1415,41063,0,0
1416,41082,0,0
1417,41100,0,0
1418,41108,0,0
1419,41140,0,0
1420,41213,0,0
1421,41292,0,0
1422,41577,0,0
1423,41578,0,0
1424,41676,0,1
1425,41801,0,0
1426,41810,0,0
1427,41855,0,0
1428,41893,0,0
1429,41895,0,0
1430,41973,0,0
1431,42014,0,0
1432,42140,0,0
1433,42204,0,0
1434,42251,0,0
1435,42268,0,0
1436,42375,0,0
1437,42413,0,0
1438,42488,0,0
1439,42521,0,0
1440,42548,0,0
1441,42698,0,1
1442,43270,0,1
1443,43277,0,0
1444,43299,0,0
1445,43388,0,0
1446,43435,0,0
1447,43680,0,0
1448,43949,0,0
1449,44046,0,1
1450,44063,0,0
1451,44120,0,0
1452,44156,0,0
1453,44178,0,0
1454,44190,0,0
1455,44269,0,0
1456,44318,0,0
1457,44513,0,0
1458,44545,0,0
1459,44597,0,1
1460,44660,0,0
1461,44746,0,1
1462,45060,0,0
1463,45177,0,0
1464,45223,0,0
1465,45309,0,0
1466,45371,0,0
1467,45411,0,0
1468,45438,0,0
1469,45582,0,0
1470,45697,0,0
1471,45728,0,0
1472,45740,0,0
1473,45782,0,1
1474,45838,0,0
1475,46054,0,0
1476,46156,0,0
1477,46384,0,0
1478,46615,0,1
1479,46812,0,0
1480,46825,0,0
1481,47016,0,0
1482,47017,0,0
1483,47107,0,0
1484,47108,0,1
1485,47172,0,1
1486,47307,0,1
1487,47721,0,0
1488,47730,0,0
1489,47805,0,0
1490,47910,0,0
1491,48315,0,0
1492,48352,0,0
1493,48426,0,0
1494,48633,0,0
1495,48636,0,0
1496,48699,0,0
1497,48808,0,0
1498,48961,0,0
1499,49037,0,0
1500,49132,0,0
1501,49349,0,1
1502,49415,0,0
1503,49467,0,0
1504,49565,0,1
1505,49629,0,0
1506,49666,0,0
1507,49774,0,0
1508,49809,0,0
1509,49854,0,1
1510,49856,0,0
1511,49867,0,0
1512,49884,0,0
1513,49961,0,0
1514,49989,0,0
1515,50015,0,1
1516,50061,0,0
1517,50254,0,0
1518,50266,0,0
1519,50383,0,0
1520,50581,0,0
1521,50644,0,1
1522,50696,0,0
1523,50828,0,0
1524,50829,0,0
1525,50887,0,0
1526,51025,0,0
1527,51417,0,1
1528,51435,0,0
1529,51482,0,0
1530,51487,0,0
1531,51500,0,0
1532,51587,0,0
1533,51766,0,0
1534,9168,1,1
1535,9179,1,1
1536,9192,1,1
1537,9195,1,1
1538,9199,1,1
1539,9202,1,0
1540,9203,1,1
1541,9205,1,1
1542,9214,1,0
1543,9216,1,1
1544,9222,1,1
1545,9230,1,1
1546,9231,1,1
1547,9241,1,0
1548,9249,1,0
1549,9254,1,1
1550,9273,1,0
1551,9289,1,1
1552,9306,1,1
1553,9308,1,0
1554,9312,1,1
1555,9327,1,0
1556,9330,1,0
1557,9332,1,0
1558,9342,1,1
1559,9343,1,0
1560,9352,1,1
1561,9355,1,1
1562,9356,1,0
1563,9357,1,1
1564,9359,1,1
1565,9362,1,1
1566,9364,1,1
1567,9366,1,0
1568,9367,1,1
1569,9371,1,1
1570,9378,1,1
1571,9380,1,1
1572,9400,1,0
1573,9401,1,0
1574,9404,1,1
1575,9410,1,0
1576,9411,1,1
1577,9416,1,0
1578,9418,1,1
1579,9421,1,0
1580,9422,1,0
1581,9423,1,1
1582,9426,1,1
1583,9427,1,1
1584,9429,1,0
1585,9431,1,0
1586,9435,1,1
1587,9436,1,1
1588,9440,1,1
1589,9444,1,0
1590,9447,1,0
1591,9448,1,0
1592,9449,1,0
1593,9457,1,0
1594,10037,1,1
1595,10115,1,1
1596,10520,1,1
1597,10563,1,1
1598,11141,1,1
1599,16329,1,1
1600,16527,1,0
1601,16627,1,0
1602,16708,1,0
1603,16727,1,0
1604,16840,1,0
1605,17008,1,1
1606,17024,1,0
1607,17534,1,0
1608,17901,1,0
1609,17986,1,0
1610,18040,1,1
1611,18066,1,1
1612,18124,1,0
1613,18264,1,0
1614,18275,1,0
1615,18277,1,1
1616,18889,1,0
1617,19827,1,0
1618,20073,1,1
1619,20747,1,1
1620,22660,1,0
1621,22678,1,1
1622,22689,1,1
1623,22742,1,1
1624,22743,1,1
1625,23076,1,0
1626,23158,1,0
1627,23272,1,1
1628,23297,1,0
1629,23328,1,1
1630,23329,1,1
1631,23417,1,0
1632,23815,1,0
1633,23816,1,1
1634,23874,1,0
1635,23923,1,1
1636,23924,1,1
1637,23939,1,1
1638,24475,1,1
1639,24489,1,1
1640,24521,1,1
1641,24572,1,1
1642,24573,1,1
1643,24592,1,1
1644,24723,1,0
1645,27530,1,0
1646,27575,1,0
1647,27579,1,0
1648,27888,1,0
1649,27932,1,0
1650,27977,1,0
1651,28014,1,1
1652,28033,1,0
1653,28075,1,0
1654,28153,1,0
1655,28364,1,0
1656,28399,1,1
1657,28491,1,0
1658,28819,1,1
1659,28837,1,0
1660,29006,1,0
1661,29080,1,0
1662,29099,1,0
1663,29150,1,0
1664,29268,1,0
1665,29272,1,0
1666,29377,1,0
1667,29400,1,0
1668,29438,1,0
1669,29447,1,0
1670,29448,1,0
1671,29709,1,0
1672,29767,1,0
1673,29778,1,0
1674,29779,1,0
1675,29806,1,0
1676,29816,1,0
1677,29886,1,0
1678,30105,1,0
1679,30114,1,0
1680,30130,1,0
1681,30158,1,0
1682,30438,1,0
1683,30446,1,0
1684,30486,1,0
1685,30733,1,0
1686,30758,1,0
1687,30967,1,0
1688,31010,1,0
1689,31057,1,0
1690,31491,1,0
1691,32403,1,0
1692,32417,1,0
1693,32450,1,0
1694,32481,1,0
1695,32487,1,0
1696,32672,1,1
1697,32674,1,0
1698,32681,1,0
1699,32757,1,0
1700,46853,1,1
1701,46855,1,0
1702,46875,1,1
1703,47133,1,0
1704,47268,1,0
1705,50320,1,0
1706,50328,1,0
1707,50545,1,1
1708,50772,1,0
1709,50860,1,1
1710,50901,1,0
1711,50915,1,0
1712,50947,1,1
1713,51044,1,1
1714,51087,1,0
1715,51255,1,0
1716,51479,1,0
1717,51527,1,1
1718,51553,1,1
1719,51710,1,0
1720,51851,1,0
1721,53709,1,1
1722,54300,1,1
1723,54315,1,1
1724,54317,1,0
1725,54319,1,0
1726,54322,1,1
1727,54323,1,0
1728,54341,1,1
1729,54368,1,1
1730,54377,1,1
1731,54378,1,1
1732,54391,1,1
1733,54403,1,1
1734,54423,1,1
1735,54436,1,1
1736,55193,1,1
1737,55196,1,1
1738,55197,1,0
1739,55200,1,1
1740,55201,1,1
1741,55460,1,1
1742,55506,1,1
1743,55513,1,0
1744,55612,1,1
1745,55665,1,1
1746,55694,1,1
1747,55702,1,0
1748,55709,1,0
1749,55749,1,0
1750,55839,1,1
1751,55852,1,1
1752,55898,1,1
1753,55920,1,1
1754,56109,1,1
1755,56146,1,1
1756,56147,1,1
1757,56159,1,1
1758,56161,1,1
1759,56201,1,0
1760,56203,1,0
1761,56236,1,0
1762,56252,1,0
1763,56253,1,0
1764,56265,1,1
1765,56337,1,1
1766,56543,1,1
1767,56545,1,1
1768,56556,1,1
1769,56570,1,1
1770,60465,1,0
1771,60539,1,0
1772,60562,1,0
1773,60568,1,0
1774,60571,1,0
1775,60656,1,1
1776,60823,1,0
1777,60826,1,0
1778,60827,1,0
1779,60829,1,0
1780,60833,1,0
1781,60834,1,0
1782,60836,1,0
1783,60984,1,0
1784,60988,1,0
1785,60989,1,0
1786,60994,1,0
1787,61000,1,0
1788,61003,1,0
1789,61938,1,0
1790,62794,1,0
1791,63617,1,1
1792,63815,1,1
1793,66807,1,1
1794,67128,1,1
1795,67138,1,0
1796,71521,1,1
1797,71667,1,0
1798,72626,1,0
1799,72711,1,1
1800,72917,1,0
1801,72975,1,0
1802,73120,1,0
1803,74042,1,1
1804,74044,1,1
1805,74046,1,1
1806,74047,1,1
1807,74049,1,1
1808,74051,1,1
1809,74054,1,1
1810,74055,1,1
1811,74076,1,0
1812,74122,1,1
1813,74159,1,1
1814,74161,1,1
1815,74167,1,1
1816,74233,1,1
1817,74234,1,0
1818,74243,1,1
1819,74244,1,0
1820,74245,1,1
1821,74246,1,1
1822,74247,1,1
1823,74248,1,0
1824,74262,1,0
1825,74265,1,0
1826,74270,1,0
1827,74272,1,1
1828,74285,1,1
1829,74413,1,1
1830,74421,1,0
1831,74443,1,0
1832,74522,1,0
1833,74563,1,0
1834,74589,1,0
1835,74669,1,0
1836,74752,1,1
1837,74755,1,1
1838,74757,1,1
1839,74761,1,0
1840,74769,1,0
1841,74774,1,0
1842,74779,1,1
1843,74780,1,0
1844,74781,1,0
1845,74785,1,0
1846,74786,1,1
1847,74791,1,0
1848,74792,1,1
1849,74796,1,0
1850,74798,1,0
1851,74801,1,0
1852,74808,1,0
1853,74816,1,0
1854,74819,1,0
1855,74825,1,0
1856,74827,1,0
1857,74847,1,0
1858,74848,1,1
1859,74853,1,1
1860,74855,1,1
1861,74860,1,1
1862,74882,1,0
1863,74900,1,0
1864,74902,1,0
1865,74903,1,0
1866,74908,1,0
1867,74910,1,0
1868,74933,1,0
1869,74950,1,0
1870,74956,1,1
1871,74978,1,0
1872,75792,1,1
1873,75794,1,0
1874,75797,1,0
1875,75801,1,0
1876,75802,1,1
1877,75807,1,1
1878,76227,1,0
1879,76329,1,0
1880,76425,1,1
1881,76434,1,0
1882,76435,1,1
1883,76442,1,1
1884,76900,1,0
1885,76905,1,0
1886,76918,1,0
1887,76919,1,0
1888,76920,1,0
1889,76926,1,0
1890,76929,1,0
1891,76932,1,1
1892,76933,1,0
1893,76936,1,1
1894,76942,1,1
1895,76946,1,0
1896,76947,1,1
1897,76956,1,0
1898,76960,1,0
1899,76962,1,0
1900,76968,1,1
1901,76975,1,0
1902,76977,1,0
1903,76980,1,1
1904,76982,1,0
1905,76993,1,1
1906,77003,1,1
1907,77005,1,0
1908,77006,1,0
1909,77008,1,1
1910,77011,1,0
1911,77012,1,0
1912,77032,1,1
1913,77043,1,1
1914,77044,1,1
1915,77050,1,1
1916,77063,1,0
1917,77070,1,0
1918,77076,1,1
1919,77078,1,1
1920,77092,1,1
1921,77096,1,1
1922,77098,1,1
1923,77108,1,1
1924,77196,1,1
1925,77198,1,1
1926,77279,1,1
1927,77280,1,0
1928,77297,1,0
1929,77299,1,1
1930,77485,1,0
1931,77494,1,1
1932,77495,1,0
1933,77505,1,1
1934,77508,1,1
1935,77521,1,1
1936,77525,1,1
1937,77531,1,1
1938,77549,1,0
1939,77778,1,0
1940,77789,1,1
1941,77792,1,0
1942,77832,1,0
1943,77834,1,0
1944,77839,1,0
1945,77879,1,0
1946,77884,1,1
1947,77925,1,0
1948,77976,1,0
1949,78021,1,0
1950,78022,1,0
1951,78048,1,0
1952,78676,1,1
1953,78719,1,0
1954,78835,1,1
1955,78846,1,0
1956,78918,1,0
1957,78937,1,0
1958,78954,1,0
1959,78960,1,0
1960,79768,1,0
1961,79773,1,1
1962,79785,1,0
1963,79805,1,0
1964,79820,1,1
1965,79833,1,1
1966,79880,1,0
1967,79894,1,1
1968,79911,1,0
1969,79976,1,0
1970,79984,1,0
1971,79985,1,0
1972,80008,1,1
1973,80014,1,1
1974,80028,1,0
1975,80034,1,1
1976,81348,1,0
1977,81355,1,1
1978,81356,1,1
1979,519,1,1
1980,520,1,1
1981,521,1,1
1982,522,1,1
1983,529,1,0
1984,530,1,1
1985,535,1,0
1986,1989,1,1
1987,1990,1,1
1988,1991,1,0
1989,1992,1,0
1990,1993,1,0
1991,1994,1,1
1992,1995,1,1
1993,1996,1,1
1994,1997,1,0
1995,1998,1,0
1996,1999,1,0
1997,2000,1,1
1998,2001,1,0
1999,2002,1,1
2000,2003,1,1
2001,2005,1,0
2002,2007,1,0
2003,2011,1,0
2004,2012,1,0
2005,2013,1,1
2006,2014,1,1
2007,2015,1,1
2008,2016,1,1
2009,2017,1,1
2010,2018,1,0
2011,2019,1,1
2012,2020,1,1
2013,2021,1,1
2014,2022,1,1
2015,2023,1,0
2016,2024,1,1
2017,2026,1,1
2018,2034,1,1
2019,2036,1,1
2020,2039,1,1
2021,2041,1,1
2022,2057,1,1
2023,2060,1,1
2024,2061,1,1
2025,2062,1,1
2026,2067,1,1
2027,2068,1,1
2028,2070,1,1
2029,2073,1,1
2030,2074,1,1
2031,2077,1,0
2032,2079,1,1
2033,2081,1,1
2034,2082,1,0
2035,2083,1,1
2036,2084,1,0
2037,2086,1,1
2038,2091,1,0
2039,2092,1,0
2040,2093,1,1
2041,2094,1,1
2042,2097,1,1
2043,2098,1,1
2044,2109,1,1
2045,2111,1,0
2046,2120,1,1
2047,2126,1,1
2048,2146,1,0
2049,2170,1,0
2050,2173,1,1
2051,2179,1,0
2052,2185,1,0
2053,2186,1,0
2054,2190,1,0
2055,2191,1,0
2056,2195,1,0
2057,2196,1,1
2058,2198,1,1
2059,2199,1,1
2060,2202,1,1
2061,2208,1,0
2062,2214,1,1
2063,2215,1,1
2064,2216,1,1
2065,2217,1,0
2066,2221,1,0
2067,2223,1,0
2068,2227,1,1
2069,2228,1,0
2070,2231,1,0
2071,2232,1,1
2072,2233,1,0
2073,2234,1,0
2074,2236,1,1
2075,2239,1,0
2076,2240,1,0
2077,2241,1,0
2078,2242,1,0
2079,2245,1,0
2080,2249,1,0
2081,2250,1,0
2082,2251,1,0
2083,2252,1,0
2084,2254,1,1
2085,2255,1,0
2086,2256,1,0
2087,2258,1,0
2088,2261,1,0
2089,2262,1,0
2090,2263,1,0
2091,2266,1,1
2092,2267,1,0
2093,2272,1,0
2094,2273,1,0
2095,2275,1,0
2096,2277,1,0
2097,2278,1,0
2098,2280,1,0
2099,2281,1,1
2100,2284,1,1
2101,2285,1,0
2102,2286,1,0
2103,2287,1,1
2104,2289,1,1
2105,2290,1,0
2106,2291,1,0
2107,2292,1,0
2108,2293,1,0
2109,2295,1,1
2110,2296,1,1
2111,2297,1,0
2112,2303,1,0
2113,2305,1,0
2114,2308,1,0
2115,2310,1,0
2116,2311,1,0
2117,2316,1,0
2118,2317,1,1
2119,2319,1,0
2120,2331,1,0
2121,2336,1,1
2122,2346,1,1
2123,2354,1,1
2124,2355,1,1
2125,2359,1,1
2126,2360,1,1
2127,2364,1,1
2128,2365,1,1
2129,2370,1,0
2130,2373,1,1
2131,2375,1,1
2132,2376,1,1
2133,2378,1,1
2134,2379,1,1
2135,2380,1,0
2136,2384,1,1
2137,2386,1,1
2138,2388,1,1
2139,2389,1,1
2140,2391,1,0
2141,2393,1,1
2142,2394,1,0
2143,2395,1,1
2144,2396,1,1
2145,2400,1,1
2146,2409,1,0
2147,2419,1,1
2148,2431,1,1
2149,2434,1,0
2150,2441,1,0
2151,2442,1,0
2152,2448,1,0
2153,2450,1,1
2154,2451,1,1
2155,2452,1,0
2156,2454,1,0
2157,2461,1,0
2158,2464,1,0
2159,2470,1,0
2160,2485,1,1
2161,2489,1,1
2162,2495,1,1
2163,2496,1,1
2164,2497,1,1
2165,2498,1,1
2166,2499,1,1
2167,2506,1,1
2168,2522,1,1
2169,2523,1,1
2170,2572,1,1
2171,2576,1,1
2172,2578,1,1
2173,2580,1,1
2174,2583,1,0
2175,2594,1,1
2176,3072,1,1
2177,3078,1,1
2178,3085,1,1
2179,3097,1,1
2180,3100,1,1
2181,3104,1,0
2182,3107,1,0
2183,3126,1,0
2184,3133,1,1
2185,3141,1,0
2186,3169,1,1
2187,3171,1,0
2188,3174,1,0
2189,3439,1,1
2190,3452,1,0
2191,3466,1,1
2192,3480,1,1
2193,3482,1,0
2194,3485,1,0
2195,3486,1,0
2196,3569,1,0
2197,3585,1,1
2198,3586,1,0
2199,3587,1,0
2200,3601,1,0
2201,3627,1,0
2202,3638,1,0
2203,3654,1,0
2204,3878,1,0
2205,3926,1,0
2206,3933,1,0
2207,3934,1,0
2208,3935,1,0
2209,3936,1,1
2210,3937,1,1
2211,3938,1,1
2212,3939,1,1
2213,3940,1,1
2214,3941,1,0
2215,3942,1,0
2216,3943,1,1
2217,3944,1,0
2218,3945,1,1
2219,3946,1,1
2220,3947,1,1
2221,3948,1,1
2222,4059,1,1
2223,4081,1,1
2224,4084,1,1
2225,4098,1,1
2226,4099,1,1
2227,4399,1,0
2228,4401,1,1
2229,4411,1,1
2230,4412,1,1
2231,20407,1,0
2232,20478,1,1
2233,20493,1,0
2234,20497,1,0
2235,20711,1,0
2236,20719,1,0
2237,20851,1,0
2238,20893,1,0
2239,20956,1,0
2240,21005,1,1
2241,21034,1,0
2242,21060,1,0
2243,21069,1,0
2244,21197,1,0
2245,21265,1,0
2246,21336,1,0
2247,21348,1,0
2248,21489,1,0
2249,21622,1,0
2250,21719,1,0
2251,21770,1,0
2252,23215,1,0
2253,23309,1,0
2254,23367,1,0
2255,23409,1,1
2256,23469,1,0
2257,23544,1,0
2258,23551,1,0
2259,23554,1,1
2260,23663,1,0
2261,23674,1,0
2262,23752,1,0
2263,23820,1,0
2264,23824,1,0
2265,23834,1,1
2266,23837,1,0
2267,23862,1,0
2268,23915,1,0
2269,23928,1,0
2270,23957,1,0
2271,23961,1,0
2272,23962,1,0
2273,23973,1,0
2274,23975,1,0
2275,23998,1,0
2276,24013,1,0
2277,24014,1,0
2278,24055,1,1
2279,24062,1,0
2280,24098,1,0
2281,24106,1,0
2282,24194,1,0
2283,24201,1,0
2284,24206,1,0
2285,24212,1,0
2286,24217,1,0
2287,24218,1,1
2288,24219,1,1
2289,24222,1,0
2290,24317,1,0
2291,24368,1,0
2292,24370,1,0
2293,24392,1,0
2294,24412,1,0
2295,24417,1,0
2296,24422,1,0
2297,24424,1,0
2298,24458,1,0
2299,24480,1,0
2300,24712,1,0
2301,24742,1,0
2302,24745,1,0
2303,24795,1,0
2304,24796,1,0
2305,24807,1,0
2306,24836,1,0
2307,24845,1,1
2308,24889,1,0
2309,24941,1,0
2310,25202,1,1
2311,25250,1,1
2312,25255,1,0
2313,25309,1,0
2314,25320,1,0
2315,25336,1,0
2316,25344,1,0
2317,25444,1,1
2318,25491,1,1
2319,25503,1,1
2320,25574,1,0
2321,25581,1,0
2322,25582,1,0
2323,25590,1,0
2324,25627,1,1
2325,25679,1,1
2326,25689,1,0
2327,25759,1,0
2328,25765,1,0
2329,25780,1,0
2330,25789,1,0
2331,25807,1,0
2332,25817,1,0
2333,25871,1,1
2334,25932,1,1
2335,25973,1,1
2336,26014,1,0
2337,26021,1,0
2338,26036,1,0
2339,26069,1,1
2340,26141,1,0
2341,26219,1,0
2342,26226,1,0
2343,26271,1,0
2344,26300,1,0
2345,26335,1,0
2346,26367,1,0
2347,26390,1,0
2348,26482,1,0
2349,26506,1,0
2350,26515,1,0
2351,26533,1,0
2352,26537,1,0
2353,26571,1,0
2354,26629,1,0
2355,26650,1,0
2356,26664,1,0
2357,26700,1,0
2358,26769,1,0
2359,26797,1,0
2360,26807,1,1
2361,26920,1,0
2362,27008,1,1
2363,27030,1,1
2364,27041,1,1
2365,27042,1,0
2366,27044,1,0
2367,27045,1,1
2368,27162,1,0
2369,27173,1,1
2370,27192,1,0
2371,27210,1,0
2372,27214,1,0
2373,27238,1,0
2374,27281,1,1
2375,27293,1,0
2376,27345,1,0
2377,27348,1,1
2378,27351,1,0
2379,27378,1,0
2380,27432,1,0
2381,27433,1,0
2382,27435,1,0
2383,27445,1,1
2384,27512,1,1
2385,27521,1,0
2386,27522,1,1
2387,27583,1,1
2388,27584,1,0
2389,27589,1,0
2390,27594,1,0
2391,27694,1,1
2392,27737,1,0
2393,27740,1,0
2394,27749,1,0
2395,27750,1,0
2396,27754,1,0
2397,27755,1,0
2398,27763,1,0
2399,27771,1,0
2400,28454,1,1
2401,28577,1,0
2402,28689,1,0
2403,28690,1,0
2404,28746,1,0
2405,28865,1,0
2406,28913,1,1
2407,28914,1,1
2408,28964,1,1
2409,28974,1,0
2410,28983,1,1
2411,28988,1,0
2412,28999,1,0
2413,29047,1,0
2414,29048,1,0
2415,29052,1,1
2416,29067,1,0
2417,29076,1,1
2418,29142,1,0
2419,29162,1,0
2420,29171,1,0
2421,29252,1,0
2422,29275,1,0
2423,29309,1,1
2424,29326,1,0
2425,29330,1,0
2426,29443,1,0
2427,29458,1,1
2428,29483,1,1
2429,29493,1,0
2430,29509,1,0
2431,29520,1,1
2432,29523,1,0
2433,29531,1,0
2434,29766,1,1
2435,29874,1,1
2436,29914,1,1
2437,29925,1,1
2438,29966,1,0
2439,30143,1,0
2440,30160,1,1
2441,30187,1,0
2442,30193,1,0
2443,30201,1,0
2444,30226,1,0
2445,30228,1,0
2446,30238,1,0
2447,30310,1,0
2448,30334,1,0
2449,30369,1,0
2450,30370,1,0
2451,30371,1,0
2452,30376,1,0
2453,30383,1,0
2454,31454,1,1
2455,31506,1,1
2456,31507,1,1
2457,31508,1,1
2458,31509,1,1
2459,31510,1,1
2460,31511,1,1
2461,31512,1,1
2462,31516,1,1
2463,31517,1,0
2464,31524,1,0
2465,31525,1,0
2466,31529,1,1
2467,31530,1,1
2468,31531,1,1
2469,31532,1,0
2470,31580,1,0
2471,31583,1,1
2472,31592,1,1
2473,31667,1,1
2474,31670,1,0
2475,31673,1,1
2476,31687,1,1
2477,31689,1,0
2478,31692,1,0
2479,31693,1,0
2480,31775,1,0
2481,31800,1,1
2482,31804,1,0
2483,31805,1,0
2484,31820,1,0
2485,31851,1,0
2486,31862,1,0
2487,31879,1,0
2488,31919,1,0
2489,31923,1,0
2490,31934,1,1
2491,31953,1,1
2492,31973,1,0
2493,32003,1,1
2494,32008,1,0
2495,32010,1,1
2496,32011,1,1
2497,32019,1,1
2498,32152,1,1
2499,32221,1,1
2500,32289,1,1
2501,32350,1,1
2502,32351,1,1
2503,32400,1,1
2504,32490,1,0
2505,32492,1,1
2506,40509,1,0
2507,40515,1,0
2508,40521,1,0
2509,40779,1,0
2510,40825,1,0
2511,40878,1,1
2512,41751,1,0
2513,41881,1,1
2514,43195,1,0
2515,43372,1,0
2516,43734,1,0
2517,44069,1,0
2518,44707,1,1
2519,45104,1,1
2520,45155,1,1
2521,45774,1,0
2522,46011,1,1
2523,46050,1,0
2524,46062,1,1
2525,46065,1,1
2526,46080,1,0
2527,46127,1,0
2528,46174,1,0
2529,46179,1,0
2530,46184,1,0
2531,46192,1,0
2532,100941,1,0
2533,119883,1,1
2534,1908,1,1
2535,1924,1,0
2536,1928,1,1
2537,1937,1,1
2538,1943,1,0
2539,1947,1,1
2540,1961,1,1
2541,1972,1,1
2542,1977,1,1
2543,1978,1,1
2544,2025,1,1
2545,2080,1,0
2546,2087,1,1
2547,2088,1,1
2548,2096,1,0
2549,2118,1,0
2550,2171,1,1
2551,2172,1,1
2552,2181,1,1
2553,2182,1,1
2554,2188,1,1
2555,2197,1,0
2556,2204,1,1
2557,2206,1,0
2558,2207,1,1
2559,2209,1,1
2560,2211,1,0
2561,2212,1,0
2562,2224,1,1
2563,2309,1,1
2564,2312,1,1
2565,2369,1,1
2566,2392,1,0
2567,2520,1,1
2568,2527,1,1
2569,2530,1,1
2570,2595,1,0
2571,2600,1,0
2572,2602,1,1
2573,2604,1,1
2574,2606,1,1
2575,2607,1,0
2576,2608,1,0
2577,2609,1,1
2578,2614,1,1
2579,2616,1,1
2580,2617,1,1
2581,2623,1,0
2582,2624,1,0
2583,2627,1,0
2584,2639,1,0
2585,2645,1,0
2586,2647,1,0
2587,2649,1,0
2588,2650,1,0
2589,2657,1,1
2590,2659,1,0
2591,2660,1,1
2592,2661,1,0
2593,2663,1,0
2594,2665,1,0
2595,2666,1,1
2596,2667,1,1
2597,2668,1,1
2598,2669,1,1
2599,2671,1,1
2600,2675,1,1
2601,2676,1,1
2602,2678,1,0
2603,2679,1,1
2604,2680,1,1
2605,2681,1,0
2606,2682,1,1
2607,2683,1,1
2608,2684,1,1
2609,2686,1,0
2610,2687,1,1
2611,2689,1,0
2612,2690,1,1
2613,2692,1,0
2614,2695,1,1
2615,2720,1,1
2616,2748,1,1
2617,8313,1,0
2618,76423,1,0
2619,77305,1,0
2620,77322,1,1
2621,77333,1,0
2622,77675,1,1
2623,77680,1,0
2624,78026,1,1
2625,78050,1,1
2626,78053,1,0
2627,78070,1,0
2628,78071,1,0
2629,78073,1,0
2630,78074,1,0
2631,78097,1,0
2632,78098,1,0
2633,78117,1,0
2634,78121,1,0
2635,78126,1,0
2636,78128,1,0
2637,78129,1,0
2638,78134,1,0
2639,78143,1,0
2640,78147,1,0
2641,79079,1,0
2642,79085,1,0
2643,79086,1,1
2644,79097,1,0
2645,79116,1,0
2646,79119,1,0
2647,79121,1,0
2648,79131,1,0
2649,79149,1,0
2650,79153,1,0
2651,79154,1,0
2652,79155,1,1
2653,79158,1,0
2654,79159,1,0
2655,79160,1,0
2656,79161,1,0
2657,79174,1,0
2658,79180,1,0
2659,79182,1,0
2660,79184,1,1
2661,79189,1,0
2662,79199,1,0
2663,79201,1,1
2664,79208,1,1
2665,79219,1,0
2666,79221,1,0
2667,79226,1,0
2668,79237,1,1
2669,79240,1,1
2670,79250,1,1
2671,79253,1,0
2672,79259,1,1
2673,79275,1,1
2674,79283,1,1
2675,79292,1,1
2676,79304,1,1
2677,79319,1,1
2678,79320,1,0
2679,79321,1,0
2680,79324,1,0
2681,79331,1,1
2682,79334,1,1
2683,79341,1,1
2684,79342,1,0
2685,79344,1,0
2686,79348,1,1
2687,79353,1,1
2688,79354,1,1
2689,79358,1,0
2690,79361,1,0
2691,79362,1,1
2692,79373,1,1
2693,79381,1,1
2694,79387,1,0
2695,79388,1,0
2696,79389,1,0
2697,79392,1,0
2698,79393,1,1
2699,79396,1,1
2700,79397,1,0
2701,79402,1,0
2702,79410,1,0
2703,79415,1,1
2704,79422,1,0
2705,79423,1,0
2706,79426,1,0
2707,79427,1,0
2708,79429,1,0
2709,79432,1,0
2710,79436,1,1
2711,79441,1,0
2712,79442,1,0
2713,79443,1,0
2714,79444,1,1
2715,79445,1,0
2716,79449,1,0
2717,79451,1,0
2718,79452,1,0
2719,79454,1,0
2720,79456,1,1
2721,79463,1,0
2722,79465,1,1
2723,79467,1,1
2724,79468,1,0
2725,79471,1,0
2726,79475,1,0
2727,79478,1,1
2728,79480,1,0
2729,79485,1,0
2730,79486,1,0
2731,79498,1,0
2732,79500,1,0
2733,79567,1,0
2734,79571,1,0
2735,79583,1,0
2736,79606,1,0
2737,79622,1,0
2738,79726,1,0
2739,79731,1,1
2740,45,1,1
2741,49,1,0
2742,80,1,1
2743,81,1,1
2744,86,1,0
2745,117,1,1
2746,154,1,0
2747,926,1,1
2748,1980,1,1
2749,1981,1,1
2750,2593,1,0
2751,2611,1,1
2752,2612,1,1
2753,2613,1,1
2754,2615,1,1
2755,2618,1,0
2756,2619,1,1
2757,2620,1,1
2758,2621,1,1
2759,2622,1,1
2760,2625,1,1
2761,2626,1,1
2762,2629,1,1
2763,2630,1,1
2764,2631,1,0
2765,2632,1,1
2766,2633,1,1
2767,2634,1,1
2768,2636,1,1
2769,2637,1,0
2770,2638,1,1
2771,2640,1,0
2772,2641,1,1
2773,2642,1,1
2774,2655,1,1
2775,2656,1,1
2776,2662,1,1
2777,2693,1,1
2778,2694,1,0
2779,2700,1,0
2780,2707,1,1
2781,2716,1,0
2782,2718,1,0
2783,2722,1,0
2784,2723,1,1
2785,2724,1,0
2786,2725,1,0
2787,2726,1,0
2788,2727,1,0
2789,2728,1,0
2790,2729,1,0
2791,2730,1,1
2792,2731,1,0
2793,2732,1,1
2794,2733,1,1
2795,2734,1,0
2796,2735,1,1
2797,2736,1,0
2798,2738,1,0
2799,2739,1,1
2800,2740,1,0
2801,2741,1,0
2802,3409,1,0
2803,3497,1,1
2804,3509,1,1
2805,3511,1,1
2806,3521,1,1
2807,3576,1,1
2808,3578,1,1
2809,3621,1,1
2810,3690,1,1
2811,4005,1,1
2812,4013,1,1
2813,4021,1,1
2814,4025,1,0
2815,4033,1,1
2816,4082,1,0
2817,4108,1,0
2818,4109,1,1
2819,4373,1,0
2820,4400,1,0
2821,4402,1,1
2822,4420,1,1
2823,4428,1,1
2824,4479,1,0
2825,4500,1,0
2826,4501,1,1
2827,4502,1,0
2828,4503,1,0
2829,4504,1,1
2830,4505,1,1
2831,4506,1,1
2832,4507,1,0
2833,4508,1,0
2834,5007,1,1
2835,5021,1,1
2836,5040,1,1
2837,5049,1,1
2838,5052,1,1
2839,5065,1,1
2840,5066,1,1
2841,5068,1,1
2842,5086,1,1
2843,5087,1,1
2844,5089,1,0
2845,5091,1,1
2846,5092,1,0
2847,5094,1,0
2848,5159,1,1
2849,5266,1,1
2850,5267,1,1
2851,5283,1,1
2852,5290,1,1
2853,5292,1,0
2854,5294,1,1
2855,5376,1,1
2856,5595,1,1
2857,5636,1,0
2858,5723,1,1
2859,5737,1,1
2860,5789,1,0
2861,6028,1,1
2862,6029,1,1
2863,6034,1,1
2864,6035,1,1
2865,6040,1,1
2866,6041,1,1
2867,6050,1,1
2868,6054,1,1
2869,6064,1,1
2870,6075,1,1
2871,6077,1,1
2872,6245,1,1
2873,6246,1,1
2874,6250,1,1
2875,6272,1,1
2876,6278,1,0
2877,6280,1,1
2878,6283,1,1
2879,6286,1,1
2880,6287,1,1
2881,6289,1,1
2882,6290,1,0
2883,6417,1,1
2884,6422,1,1
2885,6423,1,1
2886,6424,1,1
2887,6425,1,0
2888,6426,1,1
2889,6427,1,1
2890,6444,1,0
2891,6446,1,0
2892,6447,1,0
2893,6448,1,0
2894,6451,1,1
2895,6454,1,0
2896,6457,1,0
2897,6458,1,1
2898,6461,1,1
2899,6464,1,1
2900,6465,1,1
2901,6466,1,1
2902,6467,1,1
2903,6469,1,1
2904,6477,1,1
2905,6478,1,1
2906,6482,1,1
2907,6483,1,1
2908,6484,1,0
2909,6486,1,0
2910,6487,1,1
2911,6496,1,1
2912,6506,1,0
2913,6508,1,1
2914,6509,1,0
2915,6510,1,1
2916,6511,1,0
2917,6512,1,0
2918,6513,1,1
2919,6514,1,1
2920,6516,1,1
2921,6517,1,1
2922,6518,1,1
2923,6519,1,1
2924,6524,1,1
2925,6525,1,0
2926,6526,1,1
2927,6529,1,0
2928,6530,1,0
2929,6532,1,1
2930,6534,1,1
2931,6535,1,0
2932,6536,1,1
2933,6539,1,1
2934,6546,1,1
2935,6805,1,1
2936,6833,1,0
2937,6844,1,1
2938,6868,1,0
2939,6869,1,0
2940,6884,1,0
2941,6897,1,0
2942,6916,1,1
2943,6923,1,1
2944,6945,1,0
2945,6952,1,1
2946,6965,1,0
2947,6977,1,0
2948,7028,1,1
2949,7060,1,1
2950,7069,1,0
2951,7070,1,1
2952,7082,1,0
2953,7083,1,0
2954,7084,1,0
2955,7087,1,0
2956,7110,1,1
2957,7113,1,1
2958,7129,1,0
2959,7147,1,1
2960,7152,1,0
2961,7170,1,0
2962,7190,1,0
2963,7194,1,1
2964,7199,1,0
2965,7200,1,1
2966,7206,1,1
2967,7226,1,1
2968,7233,1,0
2969,7244,1,0
2970,7245,1,1
2971,7249,1,0
2972,7254,1,0
2973,7260,1,1
2974,7262,1,0
2975,7265,1,0
2976,7267,1,0
2977,7274,1,1
2978,7277,1,0
2979,7278,1,0
2980,7284,1,0
2981,7286,1,0
2982,7289,1,0
2983,7290,1,0
2984,7291,1,0
2985,7292,1,0
2986,7296,1,1
2987,7297,1,0
2988,7299,1,0
2989,7313,1,1
2990,7319,1,1
2991,7321,1,0
2992,7344,1,1
2993,7374,1,1
2994,7405,1,0
2995,7410,1,0
2996,7448,1,1
2997,7453,1,1
2998,7454,1,0
2999,7456,1,0
3000,7461,1,0
3001,7463,1,0
3002,7470,1,0
3003,7478,1,1
3004,7493,1,0
3005,7495,1,0
3006,7498,1,0
3007,7522,1,0
3008,7527,1,0
3009,7532,1,0
3010,7545,1,0
3011,7559,1,0
3012,7562,1,0
3013,7563,1,0
3014,7571,1,0
3015,7598,1,1
3016,7600,1,0
3017,7603,1,1
3018,7606,1,0
3019,7608,1,0
3020,7610,1,0
3021,7612,1,0
3022,7615,1,0
3023,7625,1,0
3024,7800,1,1
3025,7889,1,0
3026,7891,1,0
3027,7892,1,1
3028,7893,1,0
3029,7894,1,1
3030,7918,1,1
3031,7922,1,1
3032,7953,1,1
3033,7966,1,1
3034,8210,1,1
3035,8346,1,0
3036,8385,1,1
3037,8588,1,1
3038,8589,1,1
3039,8590,1,0
3040,8596,1,1
3041,8598,1,1
3042,8601,1,1
3043,8611,1,1
3044,8673,1,1
3045,8677,1,0
3046,8693,1,0
3047,8699,1,0
3048,8718,1,1
3049,8719,1,0
3050,8728,1,1
3051,8733,1,0
3052,8741,1,1
3053,8744,1,0
3054,8760,1,1
3055,8762,1,1
3056,8764,1,1
3057,8773,1,1
3058,8789,1,1
3059,8805,1,1
3060,8807,1,0
3061,8816,1,1
3062,8819,1,1
3063,8820,1,0
3064,8826,1,1
3065,8842,1,1
3066,8852,1,1
3067,8856,1,0
3068,8858,1,0
3069,8863,1,1
3070,8874,1,1
3071,8878,1,0
3072,8894,1,0
3073,8919,1,1
3074,8920,1,1
3075,8934,1,1
3076,8938,1,1
3077,8943,1,1
3078,8951,1,1
3079,8961,1,1
3080,8962,1,1
3081,8975,1,1
3082,8992,1,0
3083,8999,1,1
3084,9016,1,1
3085,9018,1,1
3086,9032,1,1
3087,9034,1,0
3088,9047,1,0
3089,9057,1,1
3090,9061,1,1
3091,9086,1,1
3092,9090,1,1
3093,9091,1,0
3094,9096,1,0
3095,9097,1,0
3096,9098,1,1
3097,9099,1,0
3098,9106,1,1
3099,9109,1,1
3100,9113,1,1
3101,9118,1,1
3102,9125,1,0
3103,9127,1,1
3104,9137,1,1
3105,9157,1,1
3106,9159,1,1
3107,9163,1,1
